dataset,seed,metric_name,metric,rmse,model,elapsed
Iris,0,f1_weighted,0.9666,,extra_tree,240.11
Iris,1,f1_weighted,1.0000,,lrl1,240.03
Iris,2,f1_weighted,0.9666,,lrl1,240.01
Iris,3,f1_weighted,0.9327,,lrl1,239.98
Iris,4,f1_weighted,0.9666,,lrl1,239.99
Iris,5,f1_weighted,0.9666,,lrl1,239.94
Iris,6,f1_weighted,0.9666,,lrl1,240.18
Iris,7,f1_weighted,0.9666,,xgboost,239.97
Iris,8,f1_weighted,0.9333,,rf,239.98
Iris,9,f1_weighted,0.9333,,rf,240.00
Titanic,0,f1_weighted,0.8173,,lgbm,240.33
Titanic,1,f1_weighted,0.8128,,lgbm,239.94
Titanic,2,f1_weighted,0.8288,,xgboost,240.89
Titanic,3,f1_weighted,0.8601,,xgboost,239.99
Titanic,4,f1_weighted,0.8409,,lgbm,239.98
Titanic,5,f1_weighted,0.8083,,xgb_limitdepth,239.97
Titanic,6,f1_weighted,0.8181,,lgbm,240.02
Titanic,7,f1_weighted,0.8189,,xgboost,240.00
Titanic,8,f1_weighted,0.8570,,xgboost,239.96
Titanic,9,f1_weighted,0.8421,,lgbm,240.03
California Housing,0,r2,0.8102,0.5034,lgbm,240.56
California Housing,1,r2,0.7716,0.5603,lgbm,240.13
California Housing,2,r2,0.7626,0.5642,lgbm,241.26
California Housing,3,r2,0.7465,0.5865,lgbm,240.30
California Housing,4,r2,0.7663,0.5507,xgboost,240.43
California Housing,5,r2,0.7545,0.5859,xgboost,240.33
California Housing,6,r2,0.7577,0.5701,lgbm,240.78
California Housing,7,r2,0.6946,0.6498,lgbm,240.04
California Housing,8,r2,0.8003,0.5169,lgbm,240.23
California Housing,9,r2,0.7380,0.5962,xgboost,241.31
