MedInc,HouseAge,AveRooms,AveBedrms,Population,AveOccup,Latitude,Longitude,MedHouseVal
3.6705,46.0,5.49438202247191,1.1161048689138577,816.0,3.056179775280899,34.16,-118.06,2.865
4.3598,5.0,4.694033935413246,1.0684181718664478,5006.0,2.7400109469074985,32.89,-117.16,1.891
3.1364,38.0,4.377215189873418,0.9974683544303797,801.0,2.027848101265823,34.44,-119.73,3.575
5.7796,32.0,6.107226107226107,0.9277389277389277,1296.0,3.020979020979021,33.92,-117.97,2.413
4.5432,2.0,7.6216498433693,1.222763661677689,8652.0,3.011486251305256,38.72,-121.35,1.513
4.693,11.0,5.873096446700508,1.0507614213197969,2760.0,2.802030456852792,34.23,-119.01,2.322
3.7368,37.0,5.281914893617022,0.9875886524822695,1285.0,2.278368794326241,32.76,-117.04,1.522
8.6155,17.0,7.527272727272727,1.010909090909091,797.0,2.898181818181818,37.36,-122.0,4.112
3.2135,37.0,5.541322314049586,1.0578512396694215,533.0,2.2024793388429753,38.31,-120.8,1.236
4.8229,10.0,5.4,0.9908045977011494,1598.0,3.6735632183908047,32.91,-117.15,1.832
0.9298,36.0,3.6761619190404797,1.1004497751124438,2664.0,3.9940029985007497,33.93,-118.25,1.0
1.6563,31.0,3.814946619217082,0.9928825622775801,781.0,2.7793594306049823,38.61,-121.47,0.658
3.1848,43.0,4.946428571428571,0.9005102040816326,968.0,2.4693877551020407,38.11,-122.22,1.127
4.3909,52.0,5.60091743119266,1.0298165137614679,1188.0,2.7247706422018347,37.74,-122.49,3.177
1.9602,38.0,4.3720136518771335,1.0136518771331058,1423.0,4.856655290102389,36.53,-119.38,0.514
2.3654,49.0,4.686046511627907,1.1569767441860466,698.0,4.058139534883721,34.15,-118.15,1.375
6.4027,11.0,6.92042755344418,1.0475059382422802,2588.0,3.0736342042755345,33.05,-117.24,3.442
2.4028,19.0,4.3478260869565215,0.9173913043478261,572.0,2.4869565217391303,34.1,-117.39,1.125
5.8783,34.0,6.326820603907637,1.0035523978685612,1542.0,2.738898756660746,37.6,-122.42,4.051
5.1811,6.0,9.431884057971015,1.3478260869565217,1168.0,3.3855072463768114,38.42,-121.36,1.884
2.8208,33.0,4.051020408163265,1.1581632653061225,739.0,1.885204081632653,34.17,-118.38,2.385
3.5417,16.0,5.311643835616438,0.928082191780822,1010.0,3.458904109589041,36.79,-119.68,0.713
3.2314,31.0,4.622222222222222,1.0716049382716049,1511.0,3.730864197530864,34.17,-119.19,1.868
4.1146,45.0,5.076326002587322,1.0789133247089262,1992.0,2.5769728331177233,37.91,-122.31,1.778
5.7373,12.0,5.6594827586206895,0.9956896551724138,731.0,3.1508620689655173,38.63,-120.84,2.083
3.9076,18.0,5.443807339449541,0.9701834862385321,3002.0,3.4426605504587156,32.6,-117.04,1.529
6.918,32.0,6.87719298245614,0.9824561403508771,262.0,2.2982456140350878,36.59,-121.89,5.00001
3.2708,33.0,4.4319066147859925,1.1634241245136188,734.0,2.8560311284046693,34.0,-118.42,3.25
6.7123,26.0,6.6767676767676765,1.0134680134680134,924.0,3.111111111111111,37.3,-122.02,3.546
2.148,46.0,4.273838630806846,1.0464547677261613,1707.0,4.17359413202934,34.0,-118.27,1.038
2.1875,16.0,5.49171270718232,1.022099447513812,495.0,2.734806629834254,40.44,-122.42,0.764
4.7738,35.0,6.048484848484849,0.9878787878787879,1409.0,4.2696969696969695,33.81,-117.96,1.8
3.055,33.0,3.775413711583924,0.9598108747044918,1888.0,4.463356973995272,33.87,-117.92,1.578
2.0903,34.0,7.612359550561798,1.4719101123595506,434.0,2.438202247191011,41.79,-120.08,0.561
1.2232,31.0,4.405882352941177,1.0558823529411765,1168.0,3.4352941176470586,35.36,-118.99,0.493
2.1411,52.0,4.456582633053221,1.0420168067226891,817.0,2.288515406162465,38.1,-122.25,0.972
4.0425,31.0,4.713833157338965,1.0464625131995775,2420.0,2.555438225976769,33.8,-118.31,2.779
5.1207,34.0,5.063938618925831,0.9846547314578005,970.0,2.4808184143222505,37.53,-122.28,3.109
4.8667,44.0,5.990610328638498,1.0985915492957747,538.0,2.5258215962441315,33.86,-118.14,2.183
3.7604,36.0,4.2631578947368425,0.9789473684210527,862.0,3.024561403508772,33.9,-118.09,1.587
2.7708,33.0,4.564432989690721,1.0257731958762886,1037.0,2.672680412371134,36.62,-121.83,1.618
4.2297,47.0,3.8737419945105214,1.0576395242451968,1808.0,1.6541628545288198,37.45,-122.16,4.25
4.6328,30.0,5.064766839378239,1.005181347150259,999.0,2.588082901554404,37.35,-121.97,2.871
4.375,37.0,5.24179104477612,1.0298507462686568,836.0,2.4955223880597015,33.82,-118.11,2.182
6.4114,15.0,7.52755905511811,1.0498687664041995,2529.0,3.3188976377952755,33.6,-117.65,2.787
3.1941,28.0,4.762406015037594,1.1082706766917294,1248.0,1.8766917293233083,34.02,-118.42,3.947
1.8385,14.0,5.237924865831842,1.073345259391771,1633.0,2.92128801431127,36.33,-119.63,0.675
6.6447,20.0,6.170940170940171,1.0213675213675213,2757.0,2.9455128205128207,33.77,-118.31,4.168
3.0833,41.0,4.384615384615385,0.9903846153846154,1244.0,3.9871794871794872,33.95,-118.19,1.648
5.3261,38.0,6.267515923566879,1.089171974522293,429.0,2.732484076433121,37.53,-122.3,3.768
5.1098,16.0,5.814878892733564,0.9290657439446367,1754.0,3.0346020761245676,32.74,-116.98,1.623
9.802,8.0,6.918032786885246,1.1475409836065573,375.0,2.0491803278688523,33.62,-117.87,5.00001
3.5562,32.0,5.052777777777778,1.0722222222222222,1679.0,4.663888888888889,33.89,-118.07,1.46
4.7986,52.0,6.5038167938931295,1.0572519083969465,746.0,2.8473282442748094,34.19,-118.3,3.261
3.8531,21.0,5.030555555555556,0.9263888888888889,2503.0,3.4763888888888888,34.08,-117.4,1.054
3.4426,7.0,5.416393442622951,1.028415300546448,3006.0,3.2852459016393443,37.73,-121.16,1.39
5.4224,37.0,6.620947630922693,1.0349127182044888,1056.0,2.6334164588528677,34.15,-117.87,2.695
3.0875,31.0,5.680890538033395,1.1057513914656771,1263.0,2.3432282003710574,32.77,-117.09,2.915
2.2264,11.0,2.8994152046783626,1.0526315789473684,2466.0,2.8842105263157896,34.19,-118.45,1.813
4.0789,35.0,5.640198511166253,1.0173697270471465,1431.0,3.5508684863523574,34.2,-118.56,1.967
2.9213,42.0,3.8990825688073394,1.0045871559633028,997.0,2.286697247706422,34.01,-118.42,3.05
5.6413,35.0,5.361702127659575,0.9281914893617021,1023.0,2.720744680851064,37.44,-122.11,3.766
4.875,33.0,6.2809917355371905,0.987603305785124,658.0,2.71900826446281,33.78,-117.96,2.693
3.0345,38.0,4.027681660899654,0.9826989619377162,632.0,2.1868512110726646,37.71,-122.12,1.521
4.4769,16.0,5.8655462184873945,1.0028011204481793,1092.0,3.0588235294117645,38.87,-121.27,1.914
3.75,16.0,5.768718801996672,1.0232945091514143,1478.0,2.459234608985025,38.68,-121.28,1.473
2.6985,16.0,4.258389261744966,0.9463087248322147,1609.0,5.399328859060403,32.57,-117.06,1.565
9.5268,13.0,7.139275766016713,0.9902506963788301,2429.0,3.383008356545961,33.67,-118.07,4.379
4.4042,9.0,5.416452442159383,1.056555269922879,1138.0,2.9254498714652954,34.02,-117.65,1.591
11.3074,42.0,8.363363363363364,1.1681681681681682,833.0,2.5015015015015014,32.82,-117.31,5.00001
1.9236,37.0,3.710227272727273,1.0,827.0,4.698863636363637,37.38,-120.73,0.644
3.055,35.0,5.878571428571429,1.05,1056.0,3.7714285714285714,34.07,-117.9,1.72
2.9318,26.0,5.40669014084507,1.0827464788732395,2156.0,3.795774647887324,32.68,-117.08,1.124
2.3594,26.0,4.978062157221206,1.0073126142595978,1326.0,2.424131627056673,40.47,-122.31,0.66
1.4722,52.0,3.2254901960784315,1.0686274509803921,291.0,2.8529411764705883,34.42,-119.7,3.5
2.9559,36.0,4.65242718446602,1.0407766990291263,1225.0,2.378640776699029,38.61,-121.39,1.366
5.0784,37.0,6.096551724137931,1.0827586206896551,802.0,2.7655172413793103,33.86,-118.36,2.959
1.6851,46.0,4.948660714285714,1.0915178571428572,1227.0,2.7388392857142856,34.02,-118.31,1.088
5.5196,45.0,5.444444444444445,1.0123456790123457,1474.0,2.599647266313933,33.83,-118.13,2.276
3.1106,18.0,4.5796875,1.0328125,3161.0,2.46953125,34.19,-118.55,1.706
4.8958,17.0,7.348314606741573,1.0898876404494382,825.0,3.0898876404494384,37.91,-121.7,1.871
3.1629,33.0,3.658,1.024,1345.0,2.69,34.18,-118.37,1.989
1.0,34.0,4.878787878787879,1.4545454545454546,66.0,2.0,34.2,-118.42,1.875
5.0477,16.0,4.2304609218436875,0.9719438877755511,1285.0,2.5751503006012024,37.3,-121.93,2.925
3.95,45.0,4.5210084033613445,0.8949579831932774,781.0,3.2815126050420167,33.95,-118.35,1.64
2.7159,45.0,5.306590257879656,1.1260744985673352,1132.0,3.2435530085959887,37.77,-122.19,1.014
2.6513,21.0,4.9800796812749,0.9282868525896414,1428.0,2.8446215139442232,40.55,-122.36,1.133
2.1779,36.0,4.490625,1.034375,1073.0,3.353125,37.6,-120.98,0.584
3.2679,30.0,3.9,1.125,77.0,1.925,32.77,-117.2,1.375
3.6292,27.0,4.636058230683091,1.0851063829787233,2135.0,2.390817469204927,37.31,-121.95,2.646
2.5625,23.0,5.498901098901099,1.0571428571428572,1443.0,3.1714285714285713,39.72,-122.04,0.7
5.0151,33.0,4.8042763157894735,1.0723684210526316,1124.0,1.8486842105263157,34.05,-118.42,5.00001
2.5833,26.0,5.05511811023622,0.9409448818897638,820.0,3.2283464566929134,36.9,-119.98,0.623
3.8846,40.0,5.647887323943662,0.9929577464788732,1054.0,2.4741784037558685,38.4,-122.82,2.159
1.6892,52.0,5.586956521739131,1.1195652173913044,939.0,3.402173913043478,34.0,-118.31,1.291
2.5156,43.0,4.829351535836177,1.1877133105802047,569.0,1.9419795221843004,37.68,-122.09,1.909
2.395,25.0,4.798722044728435,1.1469648562300319,891.0,1.4233226837060702,33.61,-117.71,0.803
5.0762,26.0,5.556521739130435,1.146583850931677,1518.0,1.8857142857142857,34.05,-118.4,5.00001
3.6696,19.0,4.868811881188119,1.2054455445544554,1251.0,3.0965346534653464,33.71,-117.99,2.188
1.0801,28.0,3.2296918767507004,1.1764705882352942,1043.0,2.9215686274509802,37.62,-121.0,0.75
4.0238,19.0,6.498630136986302,1.0794520547945206,1142.0,3.128767123287671,37.02,-121.51,3.746
2.2969,47.0,4.284722222222222,1.125,754.0,5.236111111111111,33.98,-118.25,1.167
3.2292,44.0,5.291814946619217,0.9715302491103203,972.0,3.4590747330960854,34.14,-117.31,0.861
2.8393,20.0,8.335443037974683,1.2848101265822784,453.0,2.867088607594937,33.76,-117.02,1.207
3.825,48.0,6.168421052631579,1.0789473684210527,497.0,2.6157894736842104,33.99,-118.34,1.83
1.962,43.0,4.5576923076923075,1.0625,749.0,3.6009615384615383,37.96,-121.27,0.527
3.35,23.0,5.582491582491582,1.0336700336700337,836.0,2.814814814814815,39.7,-122.18,0.854
3.6,22.0,4.851449275362318,0.9094202898550725,820.0,2.971014492753623,36.72,-120.08,0.832
6.0115,3.0,5.533980582524272,1.0563106796116506,1024.0,1.9883495145631067,37.98,-122.33,1.75
3.0393,17.0,4.235802469135803,1.1530864197530863,2365.0,2.919753086419753,33.96,-118.36,1.292
3.5,17.0,6.3375,1.2875,607.0,2.529166666666667,38.47,-120.76,1.238
4.6,34.0,5.332258064516129,0.9419354838709677,1003.0,3.235483870967742,33.89,-118.01,2.034
4.6098,24.0,5.4555837563451774,1.0875634517766497,2249.0,2.8540609137055837,37.71,-122.43,2.904
2.5714,43.0,4.9393939393939394,0.9772727272727273,1322.0,2.503787878787879,37.98,-121.27,0.7
0.8585,15.0,4.826666666666667,1.26,949.0,3.1633333333333336,32.76,-114.63,0.45
4.5536,10.0,11.098130841121495,1.97196261682243,1220.0,2.850467289719626,34.24,-117.26,1.324
4.5781,9.0,6.085790884718499,1.0630026809651474,2235.0,2.9959785522788205,33.18,-117.26,2.256
2.3824,27.0,4.533795493934142,1.024263431542461,1889.0,3.2738301559792027,32.58,-117.1,1.276
1.9787,39.0,4.398119122257054,1.0376175548589341,1659.0,2.6003134796238245,38.68,-121.78,0.978
2.7,45.0,4.639769452449568,1.1700288184438041,1148.0,3.30835734870317,34.41,-118.8,1.204
3.5667,17.0,15.02116402116402,2.7777777777777777,390.0,2.0634920634920637,39.18,-120.12,1.792
2.7587,15.0,4.8951890034364265,1.147766323024055,1546.0,2.656357388316151,36.97,-121.97,2.286
3.5445,25.0,3.872651356993737,1.0594989561586639,2068.0,2.1586638830897704,37.53,-122.28,2.867
5.1762,16.0,6.371389270976616,1.046767537826685,3038.0,4.178817056396149,34.01,-117.86,2.644
2.8701,26.0,3.683250414593698,1.097844112769486,1998.0,3.3134328358208953,34.2,-118.53,1.911
4.875,26.0,6.9,1.15,100.0,5.0,33.96,-118.37,1.75
2.0087,36.0,3.4941471571906355,1.0585284280936456,4582.0,3.831103678929766,33.98,-118.19,1.721
3.2857,37.0,5.12,1.1511111111111112,981.0,4.36,33.89,-118.08,1.536
1.4712,12.0,5.251937984496124,1.1143410852713178,1724.0,3.3410852713178296,36.98,-120.06,0.604
3.3884,17.0,4.2933168316831685,1.108910891089109,2762.0,3.4183168316831685,37.43,-121.88,2.458
1.4577,38.0,3.9811827956989245,0.9489247311827957,1543.0,4.147849462365591,36.71,-119.75,0.498
2.5668,24.0,3.742523705324581,1.0474106491611963,2690.0,1.962071480671043,34.16,-118.25,2.8
5.1008,47.0,5.338144329896907,0.9587628865979382,1284.0,2.647422680412371,34.17,-118.32,2.471
3.1823,12.0,3.7505882352941176,1.0952941176470588,2118.0,2.491764705882353,34.17,-118.31,2.183
6.3236,24.0,7.829396325459317,1.0656167979002624,1203.0,3.15748031496063,34.29,-118.71,3.02
2.1542,17.0,7.045045045045045,1.554054054054054,517.0,2.328828828828829,41.01,-123.52,0.838
3.3672,18.0,10.386666666666667,1.8373333333333333,1086.0,2.896,34.26,-117.28,1.336
1.9939,38.0,5.0588235294117645,1.053475935828877,1175.0,3.141711229946524,32.82,-115.38,0.658
2.9063,31.0,5.508710801393728,1.0418118466898956,776.0,2.7038327526132404,40.87,-121.67,0.778
3.1333,30.0,5.925531914893617,1.1312056737588652,966.0,3.425531914893617,36.51,-119.65,1.0
2.7139,30.0,4.099870298313878,1.0544747081712063,1865.0,2.4189364461738,33.73,-118.29,2.317
2.5156,32.0,4.833333333333333,1.0486111111111112,443.0,3.076388888888889,37.83,-121.28,0.863
3.6625,32.0,4.766414141414141,0.9924242424242424,2416.0,3.0505050505050506,34.05,-118.12,2.476
4.9342,23.0,5.735798016230839,1.0532010820559061,4580.0,4.129846708746618,34.04,-117.93,1.81
3.25,38.0,5.978021978021978,0.978021978021978,240.0,2.6373626373626373,40.55,-124.13,0.948
4.0625,10.0,5.916859122401847,1.0623556581986142,1478.0,3.4133949191685913,38.7,-121.42,0.962
3.6118,34.0,5.459363957597173,1.047703180212014,1588.0,2.8056537102473498,38.0,-121.79,1.247
4.3125,37.0,6.945330296127563,1.1571753986332574,1287.0,2.931662870159453,38.5,-122.48,2.765
5.3169,34.0,3.8383838383838382,0.8787878787878788,723.0,3.6515151515151514,33.89,-118.36,2.276
3.94,32.0,5.697058823529412,0.9764705882352941,922.0,2.711764705882353,34.12,-118.01,2.784
4.4485,21.0,6.097039473684211,1.2351973684210527,1420.0,2.335526315789474,36.97,-121.9,2.952
1.951,17.0,3.8384512683578103,1.081441922563418,1876.0,2.5046728971962615,38.67,-121.79,1.525
5.5061,17.0,6.923128792987188,1.1348617666891436,4956.0,3.341874578556979,34.46,-118.5,2.394
5.64,27.0,5.833865814696486,0.987220447284345,1016.0,3.246006389776358,37.62,-122.08,2.065
1.9811,16.0,6.10472972972973,1.1689189189189189,587.0,1.9831081081081081,34.19,-118.96,1.625
3.8194,25.0,6.180769230769231,1.0769230769230769,899.0,3.457692307692308,32.58,-117.07,1.344
4.8958,49.0,3.7540106951871657,0.7647058823529411,458.0,2.449197860962567,34.05,-118.38,3.336
1.3897,38.0,3.5522388059701493,1.0746268656716418,191.0,2.8507462686567164,36.61,-121.85,1.25
3.1053,37.0,5.4476744186046515,1.0445736434108528,1574.0,3.050387596899225,38.08,-122.22,0.967
3.1921,27.0,3.957627118644068,1.023728813559322,982.0,1.664406779661017,32.74,-117.16,2.615
8.5957,8.0,8.105882352941176,1.0088235294117647,1045.0,3.073529411764706,33.07,-117.07,4.441
3.1923,42.0,4.1735751295336785,1.0621761658031088,879.0,2.27720207253886,34.18,-118.52,2.218
2.6364,36.0,4.02,1.1,1763.0,5.037142857142857,33.97,-118.14,1.5
5.1171,36.0,6.6454545454545455,1.059090909090909,664.0,3.018181818181818,33.83,-118.11,2.253
1.7427,32.0,4.757575757575758,1.0171277997364954,2060.0,2.7140974967061924,40.69,-122.36,0.606
4.3397,24.0,6.508045977011494,1.0988505747126436,1582.0,3.636781609195402,34.06,-117.46,1.956
1.8112,29.0,3.713523131672598,1.063167259786477,3675.0,3.2695729537366547,32.69,-117.1,1.036
2.7388,15.0,4.077071290944123,1.0096339113680155,866.0,1.6685934489402698,38.67,-121.27,1.116
4.1298,19.0,5.774336283185841,1.0486725663716814,1290.0,2.853982300884956,37.77,-121.37,2.228
2.3333,36.0,3.6754966887417218,1.0165562913907285,1417.0,4.69205298013245,33.94,-118.23,0.921
4.0625,35.0,4.794466403162056,1.1225296442687747,742.0,2.932806324110672,33.93,-118.34,1.599
3.4107,35.0,5.0339943342776206,1.045325779036827,1158.0,3.2804532577903682,32.72,-117.05,1.17
4.6141,4.0,4.798029556650246,1.1428571428571428,428.0,2.1083743842364533,33.71,-117.78,1.954
3.5962,36.0,6.095419847328245,1.1488549618320612,632.0,2.4122137404580153,40.31,-121.24,0.936
6.015,41.0,6.794964028776978,1.0827338129496402,802.0,2.884892086330935,33.81,-118.38,4.885
2.9063,52.0,6.590443686006826,1.1228668941979523,1025.0,3.4982935153583616,37.73,-122.39,1.92
3.9777,36.0,4.955375253549696,0.9979716024340771,1115.0,2.261663286004057,34.19,-118.22,4.098
2.5179,42.0,4.424242424242424,1.0722610722610724,1503.0,3.5034965034965033,33.93,-118.28,0.974
3.1477,52.0,4.213703099510604,1.0962479608482871,1335.0,2.177814029363785,37.8,-122.41,5.00001
4.0846,36.0,5.602434077079107,0.9574036511156186,1576.0,3.1967545638945234,33.94,-118.09,1.834
4.0481,52.0,6.57421875,1.0390625,646.0,2.5234375,34.14,-117.29,0.973
1.7016,27.0,2.8199052132701423,1.2274881516587677,1795.0,4.253554502369668,34.07,-118.27,1.6
2.8684,20.0,6.766101694915254,1.7457627118644068,659.0,2.233898305084746,33.41,-116.01,0.628
2.3062,16.0,5.2631578947368425,1.0368421052631578,508.0,2.6736842105263157,39.09,-121.11,1.388
3.8233,36.0,5.18974358974359,1.0461538461538462,1030.0,2.641025641025641,32.75,-117.05,1.398
4.8333,34.0,4.647859922178989,1.0136186770428015,1560.0,3.035019455252918,34.21,-118.59,2.254
2.3194,25.0,5.210412147505423,1.0368763557483731,1527.0,3.3123644251626896,36.15,-119.06,0.529
2.9389,18.0,4.308965517241379,1.0979310344827586,1855.0,2.5586206896551724,34.21,-118.53,2.132
5.9145,35.0,4.849056603773585,0.9371069182389937,1164.0,3.660377358490566,37.4,-122.0,2.369
5.533,24.0,6.682779456193353,1.0030211480362539,899.0,2.716012084592145,34.28,-119.22,2.997
4.7344,50.0,5.416851441241685,1.0953436807095345,947.0,2.0997782705099777,34.13,-118.15,3.147
2.7303,51.0,4.972014925373134,1.0708955223880596,1258.0,2.3470149253731343,37.83,-122.27,1.097
4.9489,45.0,6.102739726027397,1.0616438356164384,384.0,2.6301369863013697,37.75,-122.24,2.471
3.0,18.0,4.456140350877193,0.9122807017543859,393.0,3.4473684210526314,36.96,-120.16,1.563
1.875,48.0,3.4025974025974026,0.9956709956709957,917.0,3.9696969696969697,32.7,-117.13,0.756
2.3152,25.0,5.412844036697248,1.055045871559633,1424.0,3.2660550458715596,36.21,-119.32,0.631
4.2891,48.0,4.448979591836735,0.9727891156462585,835.0,2.8401360544217686,34.13,-118.23,2.148
6.8976,34.0,6.6122715404699735,1.0287206266318538,1627.0,2.1240208877284594,37.83,-122.21,3.333
4.2679,44.0,4.3887043189368775,1.0066445182724253,471.0,1.564784053156146,34.15,-118.33,3.318
2.7587,52.0,4.1756885090218425,1.0598290598290598,1939.0,1.8414055080721747,37.77,-122.43,3.545
5.2206,6.0,5.749529190207157,1.0677966101694916,3246.0,3.056497175141243,34.28,-118.91,2.802
1.3291,16.0,3.8318670576735094,1.0694037145650048,2612.0,2.5532746823069403,32.8,-116.96,1.208
2.1833,52.0,7.275862068965517,1.3846153846153846,1977.0,2.6220159151193636,40.35,-121.03,0.495
4.105,16.0,6.035962877030163,1.0417633410672853,2515.0,2.917633410672854,32.83,-116.91,1.744
5.0362,29.0,6.110112359550562,0.9786516853932584,2310.0,2.595505617977528,37.91,-122.03,2.753
2.1419,30.0,5.006864988558353,1.0411899313501145,1033.0,2.3638443935926774,39.22,-121.08,1.052
4.8375,40.0,6.8625,1.09375,415.0,2.59375,38.64,-121.26,2.174
4.3036,32.0,5.375621890547263,1.0746268656716418,1503.0,3.7388059701492535,33.8,-117.98,1.914
2.5469,35.0,4.637271214642263,0.9767054908485857,1431.0,2.3810316139767056,39.12,-121.62,0.659
2.3182,38.0,3.365432098765432,0.9753086419753086,1798.0,4.439506172839506,34.21,-118.38,1.712
3.3003,13.0,3.70873786407767,1.0449029126213591,1600.0,1.941747572815534,33.78,-118.15,2.078
0.8702,11.0,3.7172619047619047,0.9315476190476191,625.0,1.8601190476190477,34.02,-118.33,1.705
4.2898,40.0,5.224867724867725,1.029100529100529,1116.0,2.9523809523809526,34.09,-118.06,2.516
9.2175,35.0,6.268733850129199,0.9276485788113695,937.0,2.4211886304909562,33.62,-117.91,5.00001
6.187,18.0,6.62621359223301,1.0072815533980584,1248.0,3.029126213592233,34.18,-118.93,2.879
2.2612,36.0,2.5156418554476807,1.0711974110032363,3155.0,3.4034519956850056,34.09,-118.3,2.304
1.4773,36.0,4.781609195402299,1.1379310344827587,814.0,4.67816091954023,35.37,-118.99,0.574
2.8514,52.0,3.8017543859649123,1.0912280701754387,1095.0,1.9210526315789473,33.99,-118.47,3.587
4.7159,36.0,6.561576354679803,1.0689655172413792,648.0,3.1921182266009853,34.13,-118.01,3.659
4.084,7.0,9.65879120879121,1.9115384615384616,3581.0,1.9675824175824175,33.74,-116.38,1.945
3.9336,15.0,5.553191489361702,1.0687397708674304,2039.0,3.337152209492635,34.04,-117.65,1.51
2.6389,45.0,5.497175141242938,1.0338983050847457,500.0,2.824858757062147,35.07,-119.45,0.3
2.5368,35.0,4.201570680628272,1.0261780104712042,743.0,1.9450261780104712,36.97,-122.01,2.4
4.4279,32.0,4.671945701357466,0.9909502262443439,1075.0,2.432126696832579,33.93,-118.14,2.264
3.1607,42.0,3.6772727272727272,1.1863636363636363,1454.0,3.3045454545454547,34.08,-118.28,1.82
2.6094,20.0,5.068783068783069,1.2962962962962963,590.0,3.121693121693122,36.25,-121.84,3.625
6.5356,15.0,5.233333333333333,0.9733333333333334,747.0,1.66,33.66,-117.83,2.728
5.1589,3.0,4.2020905923344944,0.89198606271777,563.0,1.961672473867596,33.66,-117.59,1.678
2.274,27.0,3.48,1.128,2296.0,3.0613333333333332,34.04,-117.95,1.508
3.7568,4.0,5.727411944869831,1.1439509954058193,6666.0,2.5520673813169985,33.22,-117.3,1.841
3.2216,34.0,6.252615844544096,1.0493273542600896,1891.0,2.82660687593423,40.86,-124.06,0.981
3.9583,8.0,5.550552251486831,1.0339847068819032,4797.0,4.075615972812234,32.55,-117.09,1.444
1.9848,38.0,3.8285714285714287,1.1333333333333333,1535.0,2.9238095238095236,33.8,-118.19,1.604
3.2708,46.0,4.611607142857143,0.9955357142857143,462.0,2.0625,33.53,-117.77,3.847
1.8264,18.0,5.557603686635945,1.262672811059908,622.0,2.866359447004608,36.14,-120.36,0.62
2.4167,22.0,5.93886462882096,1.2314410480349345,808.0,3.5283842794759823,38.65,-121.7,2.25
7.8177,36.0,6.75046904315197,0.9380863039399625,1296.0,2.431519699812383,37.38,-122.11,5.00001
4.6607,29.0,4.730103806228374,0.9792387543252595,2630.0,3.033448673587082,34.22,-118.53,1.998
3.6908,38.0,4.962825278810409,1.0483271375464684,1011.0,3.758364312267658,33.92,-118.08,1.575
5.6637,20.0,5.686396677050882,1.1142263759086188,2327.0,2.416407061266874,33.65,-117.94,2.221
1.9722,28.0,5.212435233160622,1.1813471502590673,738.0,3.8238341968911915,36.49,-121.48,2.107
2.9965,20.0,5.839160839160839,1.0909090909090908,1174.0,2.7365967365967365,39.49,-121.49,0.889
3.95,52.0,5.02546689303905,1.0577249575551784,1191.0,2.0220713073005094,37.75,-122.43,3.477
7.2532,9.0,6.48122866894198,0.9692832764505119,1070.0,3.651877133105802,33.9,-117.96,3.815
3.175,11.0,5.476415094339623,1.0825471698113207,1373.0,3.2382075471698113,38.4,-121.35,0.944
4.8187,20.0,7.664233576642336,1.1569343065693432,910.0,3.321167883211679,36.96,-120.1,0.909
4.6473,36.0,5.482758620689655,1.0094043887147335,855.0,2.6802507836990594,33.81,-118.13,2.271
2.6726,32.0,5.005102040816326,1.0178571428571428,1005.0,2.563775510204082,36.77,-119.75,0.704
3.0546,33.0,2.922576447625244,1.0299284320104098,3477.0,2.262199089134678,37.7,-122.48,2.979
4.3452,49.0,5.642307692307693,0.9961538461538462,688.0,2.646153846153846,34.15,-118.09,2.601
3.6207,27.0,3.9307201458523244,1.1066545123062899,1634.0,1.4895168641750227,34.09,-118.39,3.625
2.7218,38.0,3.809090909090909,0.9745454545454545,1240.0,2.2545454545454544,32.64,-117.09,1.459
3.3936,15.0,5.532697547683924,1.1049046321525886,2884.0,3.9291553133514987,34.07,-117.62,1.27
3.4531,41.0,5.105154639175257,1.043298969072165,1271.0,2.620618556701031,34.22,-118.24,2.639
6.2079,12.0,6.2322097378277155,0.9737827715355806,2106.0,2.6292134831460676,33.24,-117.2,3.073
5.6427,26.0,7.020560747663551,1.033644859813084,1408.0,2.6317757009345795,37.28,-121.9,3.2
1.2254,42.0,2.0966921119592876,1.1603053435114503,3795.0,3.21882951653944,34.06,-118.28,1.625
4.1292,28.0,3.9095238095238094,1.0333333333333334,1575.0,3.75,33.82,-118.27,2.019
3.8201,22.0,5.01119104716227,1.0223820943245403,5587.0,4.466027178257394,34.02,-117.91,1.362
4.25,18.0,5.6019736842105265,1.0386513157894737,3704.0,3.0460526315789473,33.87,-118.25,1.692
12.3292,29.0,7.916666666666667,1.0555555555555556,244.0,3.388888888888889,37.38,-121.81,4.167
3.4801,52.0,3.977154724818276,1.185877466251298,1310.0,1.3603322949117342,37.8,-122.44,5.00001
4.25,35.0,5.481037924151696,0.9540918163672655,1779.0,3.5508982035928143,34.1,-117.91,1.667
4.5179,35.0,5.1980676328502415,1.0966183574879227,902.0,2.178743961352657,33.83,-118.38,4.272
2.9208,28.0,5.415094339622642,1.099056603773585,521.0,2.457547169811321,36.04,-118.92,0.985
2.125,31.0,5.714285714285714,1.1428571428571428,25.0,3.5714285714285716,34.02,-118.05,3.75
3.5313,39.0,5.660194174757281,1.0776699029126213,640.0,3.1067961165048543,33.9,-118.36,2.304
4.6937,26.0,5.484011627906977,1.0087209302325582,2103.0,3.056686046511628,34.13,-117.84,1.98
3.3603,29.0,4.584905660377358,1.1293800539083558,1616.0,4.355795148247979,34.27,-118.44,1.424
5.4617,17.0,5.48785046728972,1.0373831775700935,1381.0,2.581308411214953,33.92,-117.89,1.903
3.125,14.0,7.271111111111111,1.1244444444444444,766.0,3.4044444444444446,37.04,-119.94,0.885
3.6389,36.0,5.584615384615384,1.1153846153846154,490.0,3.769230769230769,33.91,-118.1,1.676
4.9485,36.0,5.320610687022901,0.9694656488549618,761.0,2.904580152671756,34.26,-118.46,2.171
3.0431,41.0,4.605475040257649,1.0982286634460547,1516.0,2.4412238325281805,34.2,-118.34,2.629
6.9931,25.0,10.1731843575419,1.9217877094972067,349.0,1.9497206703910615,38.36,-122.26,3.988
3.3882,52.0,3.77125,1.06375,1588.0,1.985,37.78,-122.44,4.714
1.625,4.0,3.0,0.5,8.0,1.3333333333333333,35.22,-117.76,2.75
11.0138,16.0,7.306990881458966,1.060790273556231,868.0,2.6382978723404253,33.64,-117.81,4.421
3.3545,24.0,4.25402144772118,1.0375335120643432,2945.0,1.9738605898123325,34.17,-118.4,2.215
5.34,9.0,4.69471488178025,1.0952712100139081,4240.0,2.9485396383866482,37.4,-121.88,2.574
5.8788,12.0,7.780310880829015,1.0963730569948187,2484.0,2.5740932642487047,34.11,-118.84,5.00001
5.8053,24.0,6.4576271186440675,0.9813559322033898,1818.0,3.08135593220339,33.77,-118.03,2.559
2.8194,24.0,4.7625,1.0208333333333333,608.0,2.533333333333333,36.75,-119.85,0.811
7.7743,27.0,6.799373040752351,0.9561128526645768,905.0,2.8369905956112853,37.53,-122.35,4.531
4.4489,16.0,5.966549295774648,1.051056338028169,1674.0,2.9471830985915495,38.69,-121.27,1.456
1.9206,26.0,4.097639484978541,1.0246781115879828,3010.0,3.2296137339055795,37.62,-120.98,0.813
2.2917,37.0,3.727699530516432,0.9859154929577465,814.0,3.8215962441314555,33.97,-118.25,1.12
3.3942,32.0,4.515037593984962,1.0357142857142858,1020.0,1.9172932330827068,32.81,-117.25,3.074
3.5504,11.0,4.302564102564102,1.065934065934066,3089.0,2.263003663003663,34.18,-118.85,1.738
5.8096,20.0,8.16588785046729,1.0490654205607477,1629.0,3.80607476635514,34.27,-118.75,2.644
5.0863,30.0,5.4784053156146175,1.053156146179402,1532.0,2.5448504983388704,37.25,-121.95,3.32
3.4799,16.0,6.563897763578275,1.2747603833865815,1298.0,2.073482428115016,35.58,-121.12,3.208
1.4913,32.0,4.901785714285714,1.0089285714285714,726.0,3.2410714285714284,36.83,-119.69,0.546
3.2279,28.0,5.731578947368421,0.9421052631578948,544.0,2.863157894736842,35.51,-119.27,0.958
6.2871,26.0,7.009174311926605,1.073394495412844,607.0,2.7844036697247705,33.45,-117.64,3.255
4.5714,18.0,6.362917398945519,1.0764499121265378,4168.0,3.662565905096661,37.0,-121.57,2.603
4.8542,17.0,6.537349397590361,1.0650602409638554,1475.0,3.5542168674698793,38.0,-121.87,1.441
2.0734,21.0,3.833605220228385,1.0880913539967374,1621.0,2.6443719412724307,32.59,-117.1,0.875
1.6198,30.0,4.357142857142857,1.0357142857142858,425.0,3.0357142857142856,37.79,-122.23,1.227
2.2679,36.0,3.251063829787234,1.0340425531914894,1824.0,3.880851063829787,33.93,-118.34,1.539
1.7463,36.0,3.4244897959183676,1.0204081632653061,1079.0,4.404081632653061,34.07,-118.22,1.583
1.3646,44.0,4.344,1.168,506.0,4.048,38.53,-121.47,0.654
4.3214,28.0,6.4146868250539955,1.0172786177105833,1379.0,2.978401727861771,38.7,-121.2,1.317
6.0767,16.0,5.572413793103448,0.9448275862068966,371.0,2.5586206896551724,38.38,-122.02,2.164
2.7002,6.0,4.149245388485188,1.179988820570151,4092.0,2.287311347121297,34.05,-117.31,0.883
4.3636,33.0,5.510204081632653,1.0148423005565863,1869.0,3.4675324675324677,33.81,-118.0,2.018
3.25,36.0,3.9972677595628414,1.0081967213114753,1492.0,4.076502732240437,34.06,-118.1,1.792
3.5859,17.0,4.0,1.0094562647754137,903.0,2.1347517730496453,33.67,-117.99,2.625
2.9018,52.0,4.621212121212121,1.0984848484848484,281.0,2.128787878787879,37.85,-122.28,1.194
2.7009,35.0,5.752631578947368,1.0105263157894737,590.0,3.1052631578947367,38.69,-121.37,0.802
2.7734,34.0,3.0472103004291844,0.8798283261802575,1134.0,4.866952789699571,33.94,-118.21,1.411
3.8068,12.0,4.906194690265487,1.023008849557522,1335.0,2.3628318584070795,38.64,-121.34,1.61
2.25,36.0,4.023041474654378,1.1059907834101383,1086.0,5.0046082949308754,33.89,-118.22,1.266
1.4803,10.0,3.062350119904077,1.170263788968825,730.0,1.750599520383693,33.87,-117.93,1.375
4.3676,28.0,6.392857142857143,1.0119047619047619,1304.0,3.104761904761905,34.18,-117.3,1.111
2.75,50.0,3.8984375,0.9921875,287.0,2.2421875,37.86,-122.3,1.406
2.4281,18.0,5.649606299212598,1.0118110236220472,657.0,2.5866141732283463,36.29,-119.15,0.725
2.5172,24.0,5.367875647668394,1.0699481865284974,2127.0,2.755181347150259,34.03,-117.1,0.96
3.0192,19.0,4.9178885630498534,1.0249266862170088,1948.0,2.8563049853372435,32.79,-116.93,1.423
2.7569,21.0,5.315852205005959,1.1084624553039333,2657.0,3.166865315852205,34.08,-117.42,1.275
4.5707,27.0,5.489795918367347,0.95578231292517,1666.0,2.8333333333333335,38.01,-122.03,1.759
4.4762,30.0,6.247685185185185,1.0717592592592593,2672.0,3.0925925925925926,33.94,-117.55,1.639
2.9688,39.0,5.579207920792079,1.0272277227722773,1388.0,3.4356435643564356,37.72,-122.46,2.32
2.7083,36.0,4.6050955414012735,1.0063694267515924,1286.0,4.095541401273885,33.91,-118.24,1.036
5.0758,35.0,6.378,1.054,1727.0,3.454,34.05,-117.91,2.111
2.8875,17.0,5.676537585421412,1.1252847380410023,1278.0,2.9111617312072893,32.82,-116.92,1.557
3.3333,11.0,6.410396716826265,1.1641586867305063,2466.0,3.3734610123119015,33.67,-116.31,0.918
2.5682,25.0,3.9408450704225353,0.9267605633802817,1308.0,3.684507042253521,32.8,-117.16,1.875
3.0625,8.0,5.283194057567316,1.1039925719591457,2887.0,2.680594243268338,39.73,-121.79,1.163
5.1299,16.0,5.776412776412776,0.9901719901719902,2529.0,3.1068796068796067,33.69,-117.78,2.389
4.4091,37.0,5.4171597633136095,1.0532544378698225,925.0,2.7366863905325443,33.93,-118.33,1.484
3.2857,37.0,4.712962962962963,1.021604938271605,1504.0,4.6419753086419755,34.12,-117.99,1.301
4.1346,26.0,5.626506024096385,1.1204819277108433,244.0,2.9397590361445785,37.48,-121.02,1.875
4.2422,15.0,4.3605313092979125,1.0759013282732448,1261.0,2.3927893738140416,33.88,-117.99,1.594
2.5495,27.0,5.445026178010472,1.0785340314136125,1082.0,2.832460732984293,39.19,-121.53,0.983
6.1323,32.0,6.28951048951049,1.020979020979021,1846.0,2.581818181818182,37.59,-122.39,5.00001
2.3882,42.0,3.786697247706422,1.061926605504587,1559.0,3.5756880733944953,33.95,-118.19,1.481
8.1611,4.0,8.394871794871795,0.982051282051282,1312.0,3.364102564102564,33.59,-117.64,3.48
5.2868,47.0,6.546391752577319,0.9360824742268041,1098.0,2.263917525773196,37.84,-122.23,3.476
3.32,40.0,4.548821548821548,1.1111111111111112,701.0,2.3602693602693603,37.56,-122.31,2.929
3.4286,5.0,4.28169014084507,1.1948356807511737,892.0,2.0938967136150235,32.75,-117.23,1.375
5.2391,22.0,5.029007633587787,1.1358778625954198,1337.0,2.0412213740458016,37.43,-122.2,5.00001
1.6675,6.0,5.5115089514066495,1.391304347826087,1039.0,2.657289002557545,34.05,-117.3,0.958
1.625,19.0,6.8545454545454545,1.2545454545454546,198.0,3.6,32.75,-115.64,1.125
1.75,50.0,4.096385542168675,0.891566265060241,235.0,2.8313253012048194,40.81,-124.15,0.675
4.2276,17.0,4.586274509803921,1.0441176470588236,2427.0,2.3794117647058823,33.85,-117.85,2.541
2.3913,35.0,3.875,1.2331081081081081,1016.0,3.4324324324324325,34.08,-118.27,1.988
2.4135,52.0,4.031890660592255,0.9908883826879271,1848.0,4.209567198177677,34.07,-118.21,1.672
3.0598,13.0,4.310055865921788,1.0698324022346368,776.0,2.1675977653631286,34.04,-117.67,0.997
6.822,41.0,4.982352941176471,1.0176470588235293,344.0,2.023529411764706,33.87,-118.43,5.00001
2.4273,27.0,4.846262341325811,1.0648801128349787,1568.0,2.211565585331453,38.9,-121.08,1.384
2.7661,38.0,4.682266009852217,0.9655172413793104,1099.0,2.706896551724138,32.74,-117.07,1.139
4.0926,42.0,4.525114155251141,0.9817351598173516,717.0,3.2739726027397262,33.89,-118.09,1.644
4.2917,17.0,5.482014388489208,0.9928057553956835,322.0,2.316546762589928,40.2,-122.23,1.288
4.2234,16.0,4.682678311499272,1.042212518195051,2054.0,2.98981077147016,32.9,-117.14,1.621
3.5435,52.0,4.021638330757342,1.1035548686244203,1330.0,2.05564142194745,37.77,-122.45,2.786
3.1563,22.0,8.420689655172414,2.1517241379310343,1301.0,4.4862068965517246,36.85,-121.91,3.0
4.6364,17.0,6.16986301369863,1.0356164383561643,1776.0,4.865753424657535,32.57,-117.06,1.411
1.8277,30.0,2.623205741626794,1.1543062200956937,2197.0,2.6279904306220097,34.1,-118.32,1.375
6.6458,31.0,5.965986394557823,0.9948979591836735,1957.0,3.328231292517007,34.28,-118.49,2.855
3.5524,27.0,5.791569086651054,0.936768149882904,1271.0,2.9765807962529274,35.4,-118.96,0.891
3.9219,15.0,4.466666666666667,1.0444444444444445,677.0,2.5074074074074075,33.74,-117.93,1.426
1.8576,37.0,2.4775641025641026,1.0064102564102564,835.0,2.676282051282051,34.09,-118.31,1.938
2.6842,44.0,5.169642857142857,1.0089285714285714,1094.0,4.883928571428571,37.88,-121.38,1.563
10.6796,28.0,8.406175771971496,1.0475059382422802,1190.0,2.826603325415677,34.14,-118.49,5.00001
6.0094,30.0,6.363395225464191,0.9893899204244032,1062.0,2.816976127320955,34.19,-118.64,2.456
15.0001,48.0,8.845161290322581,1.0580645161290323,528.0,3.4064516129032256,34.19,-118.18,5.00001
3.7292,14.0,5.423931623931624,1.0239316239316238,1451.0,2.4803418803418804,32.81,-117.02,1.822
4.8036,4.0,3.9246575342465753,1.0359589041095891,1050.0,1.797945205479452,37.39,-122.08,3.4
4.3859,45.0,4.939024390243903,1.048780487804878,941.0,2.8689024390243905,37.75,-122.5,2.702
2.5764,14.0,5.08984375,1.00390625,1228.0,2.3984375,34.71,-118.06,1.5
2.2794,52.0,4.023076923076923,0.9538461538461539,317.0,2.4384615384615387,34.03,-118.46,3.375
2.8917,33.0,4.699346405228758,1.0098039215686274,1378.0,4.503267973856209,34.2,-118.37,1.704
4.0,38.0,4.391044776119403,0.982089552238806,1207.0,3.6029850746268655,33.8,-118.28,1.655
2.7457,17.0,11.183266932270916,2.1075697211155378,675.0,2.689243027888446,38.88,-119.99,1.078
5.3638,3.0,6.444695259593679,1.0372460496613995,2874.0,3.2437923250564333,34.14,-117.55,2.063
2.2167,40.0,6.101123595505618,1.1348314606741574,259.0,2.9101123595505616,37.73,-122.38,1.938
2.6165,34.0,4.593167701863354,1.031055900621118,1166.0,3.62111801242236,33.89,-118.24,1.009
5.3559,36.0,5.666666666666667,0.9812206572769953,683.0,3.2065727699530515,34.07,-117.93,2.073
2.8519,17.0,5.047808764940239,1.0298804780876494,1764.0,3.5139442231075697,37.43,-120.79,0.807
2.6036,29.0,3.327698309492848,1.023407022106632,1886.0,2.4525357607282183,34.25,-118.28,1.621
2.5372,21.0,3.6130500758725344,1.0637329286798178,1264.0,1.9180576631259485,36.6,-121.85,2.18
5.2957,18.0,6.4839319470699435,1.0198487712665407,3205.0,3.0293005671077506,38.09,-122.2,1.719
4.0781,30.0,5.685258964143427,1.2390438247011952,686.0,2.733067729083665,37.12,-122.04,1.545
10.9237,44.0,7.837962962962963,1.1064814814814814,498.0,2.3055555555555554,34.14,-118.43,5.00001
5.1668,28.0,5.701252236135957,1.0178890876565294,2205.0,3.9445438282647585,34.3,-118.41,1.874
2.4612,45.0,4.370473537604457,1.0,1203.0,3.350974930362117,34.03,-118.14,1.805
2.2552,14.0,2.4292929292929295,1.1691919191919191,2226.0,2.8106060606060606,34.07,-118.28,2.659
7.2211,30.0,6.413157894736842,0.9184210526315789,1005.0,2.6447368421052633,36.73,-119.69,1.717
5.25,25.0,5.552816901408451,0.9366197183098591,611.0,2.1514084507042255,32.78,-117.15,2.051
4.3333,39.0,5.7913669064748206,1.0,511.0,1.8381294964028776,34.13,-118.35,3.859
3.9607,18.0,5.832699619771863,1.0456273764258555,741.0,2.817490494296578,38.12,-121.29,1.325
2.5208,31.0,5.891156462585034,1.129251700680272,979.0,3.3299319727891157,36.54,-119.83,0.6
3.775,40.0,5.7407407407407405,1.0296296296296297,798.0,2.9555555555555557,33.94,-118.31,1.538
3.7727,22.0,4.805602716468591,1.0263157894736843,5389.0,4.574702886247878,34.1,-117.98,1.597
4.075,28.0,5.815831987075929,1.0347334410339257,3793.0,3.0638126009693054,34.38,-119.12,2.379
5.7512,26.0,7.241758241758242,0.967032967032967,817.0,2.9926739926739927,37.97,-121.97,2.402
2.8512,25.0,3.431693989071038,1.0091074681238617,1337.0,2.435336976320583,33.91,-118.35,2.728
2.5,43.0,3.4671052631578947,0.875,367.0,2.414473684210526,37.96,-121.26,0.636
2.3456,42.0,4.3983739837398375,1.2520325203252032,380.0,3.089430894308943,37.74,-122.18,0.835
4.05,20.0,6.220264317180617,0.9955947136563876,700.0,3.0837004405286343,38.67,-121.22,1.307
3.375,42.0,5.095541401273885,1.0907643312101911,1668.0,2.656050955414013,34.14,-118.07,2.604
4.5224,24.0,5.450268817204301,0.9973118279569892,2123.0,2.853494623655914,32.79,-116.92,1.42
5.1587,36.0,5.996923076923077,0.9815384615384616,909.0,2.796923076923077,33.94,-118.11,2.966
15.0001,32.0,8.84504132231405,1.0351239669421488,1318.0,2.7231404958677685,37.44,-122.22,5.00001
4.0147,34.0,6.0246913580246915,1.0599647266313934,1929.0,3.4021164021164023,34.58,-118.07,1.074
5.9345,23.0,7.287625418060201,1.0301003344481605,926.0,3.096989966555184,37.69,-121.91,2.596
3.0221,28.0,4.5943012211668925,1.1058344640434192,2240.0,3.039348710990502,34.2,-118.43,2.901
2.1518,43.0,3.728125,0.934375,1184.0,3.7,34.23,-118.39,1.616
3.9615,17.0,5.4935064935064934,1.0086580086580086,494.0,2.1385281385281387,38.65,-121.52,3.313
1.5069,32.0,4.145833333333333,1.0208333333333333,1282.0,3.8154761904761907,35.88,-119.27,0.437
4.0488,33.0,4.902761104441777,1.0768307322929171,1804.0,2.1656662665066024,32.7,-117.17,4.097
4.2708,15.0,5.146302250803859,1.0884244372990353,1510.0,2.427652733118971,33.7,-117.92,1.617
3.2798,45.0,4.066202090592334,1.0522648083623694,773.0,2.6933797909407664,33.85,-118.19,1.503
3.2404,39.0,5.080071174377224,1.0213523131672597,1217.0,2.1654804270462633,38.54,-121.44,0.936
11.2979,24.0,8.321969696969697,1.0132575757575757,1443.0,2.7329545454545454,34.13,-118.49,5.00001
1.5625,22.0,4.358638743455497,1.0602094240837696,826.0,2.162303664921466,40.59,-124.14,0.668
6.2028,35.0,6.326530612244898,1.0136054421768708,1167.0,2.6462585034013606,33.72,-118.3,3.615
3.625,16.0,4.404833836858006,0.8912386706948641,912.0,2.7552870090634443,34.06,-117.71,1.604
6.5006,16.0,7.445,1.0275,1531.0,3.8275,38.0,-122.25,2.377
6.0783,23.0,5.633986928104576,0.8660130718954249,934.0,3.052287581699346,34.27,-118.65,2.292
3.7969,40.0,4.714285714285714,0.9081632653061225,1266.0,2.583673469387755,37.74,-122.5,2.978
6.5378,34.0,6.696078431372549,0.9845938375350141,1879.0,2.6316526610644257,37.88,-122.06,3.409
4.6944,26.0,6.157258064516129,0.9919354838709677,1495.0,3.0141129032258065,38.01,-122.32,1.711
2.8214,14.0,10.529255319148936,2.257978723404255,1064.0,2.8297872340425534,34.29,-116.76,1.114
7.8532,8.0,6.961538461538462,1.043956043956044,1527.0,4.195054945054945,37.44,-121.89,4.228
1.7926,22.0,3.8708860759493673,0.9493670886075949,1543.0,3.9063291139240506,36.84,-119.79,0.517
5.2227,18.0,5.552147239263804,0.9355828220858896,1189.0,3.647239263803681,33.85,-117.82,2.135
4.5708,25.0,5.6883835279655806,1.0196681007990165,4944.0,3.038721573448064,34.11,-117.85,2.23
3.0882,14.0,7.001727115716753,1.3592400690846287,1581.0,2.7305699481865284,34.95,-119.16,1.482
15.0001,52.0,8.78061224489796,0.9948979591836735,688.0,3.510204081632653,34.08,-118.34,5.00001
5.0299,40.0,5.815384615384615,0.9384615384615385,371.0,2.853846153846154,33.89,-118.36,3.292
3.6875,13.0,4.049166666666666,1.0775,3351.0,2.7925,34.2,-118.4,2.119
4.0547,14.0,5.45,1.1016129032258064,1465.0,2.3629032258064515,37.26,-121.81,2.362
5.3096,47.0,5.588095238095238,1.0404761904761906,1219.0,2.9023809523809523,33.81,-118.2,2.099
2.6895,30.0,5.091379310344828,1.2120689655172414,1406.0,2.424137931034483,33.97,-117.38,1.5
11.1228,17.0,8.586705202312139,1.0115606936416186,1180.0,3.4104046242774566,33.83,-117.8,5.00001
0.6831,37.0,3.904831625183016,0.9824304538799414,2865.0,4.194729136163982,33.95,-118.23,0.875
3.0804,14.0,6.162280701754386,1.1798245614035088,660.0,2.8947368421052633,39.11,-121.22,1.568
1.6267,23.0,4.263586956521739,1.125,1031.0,2.801630434782609,38.42,-122.71,1.292
3.9734,17.0,6.2155844155844155,1.0376623376623377,2066.0,2.6831168831168832,39.01,-121.02,1.854
6.6085,27.0,6.410891089108911,1.0907590759075907,1537.0,2.536303630363036,37.37,-122.05,3.447
6.4232,7.0,6.707512764405544,1.0145878920495988,8276.0,3.0182348650619986,38.08,-122.17,2.292
1.6607,18.0,5.125,0.9375,104.0,3.25,37.37,-120.67,0.875
5.9806,15.0,6.094594594594595,1.1452702702702702,673.0,2.2736486486486487,32.94,-117.25,3.705
3.2639,10.0,5.1156186612576064,1.081135902636917,1335.0,2.707910750507099,36.13,-120.37,0.864
3.5278,32.0,3.878524945770065,0.9956616052060737,1131.0,2.453362255965293,33.88,-118.13,1.661
2.125,24.0,4.3355704697986575,0.8993288590604027,454.0,3.046979865771812,36.95,-120.06,0.619
2.6062,33.0,6.997518610421836,1.2779156327543424,976.0,2.4218362282878414,41.4,-120.12,0.526
5.2128,52.0,5.862934362934363,0.9961389961389961,1242.0,2.3976833976833976,37.76,-122.23,2.899
1.5464,17.0,4.5,0.9935064935064936,2022.0,4.376623376623376,36.31,-119.22,0.541
3.5694,31.0,4.305019305019305,1.0347490347490347,1369.0,5.285714285714286,33.73,-117.86,1.505
4.1071,52.0,4.681603773584905,0.9457547169811321,1337.0,3.1533018867924527,37.73,-122.43,2.409
5.0258,12.0,5.882911392405063,1.2436708860759493,622.0,1.9683544303797469,33.89,-117.92,1.618
3.4115,35.0,5.193548387096774,1.0099255583126552,1755.0,4.354838709677419,34.03,-117.96,1.504
4.6417,17.0,6.8292011019283745,1.0743801652892562,1219.0,3.3581267217630852,34.69,-118.12,1.257
5.4197,24.0,5.923497267759563,1.0191256830601092,934.0,2.551912568306011,34.45,-119.83,2.809
2.0388,26.0,5.586466165413534,1.1334586466165413,1972.0,3.706766917293233,34.11,-117.22,0.804
5.2548,35.0,6.018115942028985,0.9855072463768116,949.0,3.4384057971014492,33.85,-117.99,1.926
2.4183,7.0,4.582926829268293,1.0829268292682928,1065.0,2.597560975609756,39.16,-121.63,1.038
1.625,34.0,4.473684210526316,1.0833333333333333,795.0,3.486842105263158,35.38,-118.98,0.508
2.5544,8.0,2.996978851963746,1.1873111782477341,694.0,2.096676737160121,33.78,-118.19,1.625
2.7663,29.0,7.787162162162162,1.7618243243243243,1569.0,2.6503378378378377,34.25,-117.31,0.979
5.815,34.0,7.670411985018727,1.1835205992509363,780.0,2.9213483146067416,38.33,-122.26,3.392
2.9187,15.0,6.325714285714286,1.1714285714285715,1152.0,3.2914285714285714,33.67,-116.31,0.934
3.6412,15.0,5.3442088091354,1.0929853181076672,1520.0,2.4796084828711256,35.33,-120.84,2.078
3.2308,26.0,4.8159090909090905,1.009090909090909,1202.0,2.731818181818182,32.81,-117.13,1.665
2.1764,24.0,4.407365439093485,1.0396600566572238,3996.0,2.2640226628895186,34.02,-117.51,1.353
11.9666,28.0,7.139240506329114,0.9113924050632911,191.0,2.4177215189873418,37.42,-122.21,5.00001
4.5,18.0,6.142857142857143,1.0729483282674772,912.0,2.7720364741641337,38.46,-122.91,2.519
3.1389,31.0,5.374631268436578,1.1002949852507375,2229.0,3.2876106194690267,38.02,-121.87,1.178
2.3977,11.0,5.483333333333333,1.0916666666666666,376.0,3.1333333333333333,33.97,-116.86,0.58
2.625,16.0,6.4,0.8,36.0,7.2,37.0,-122.0,1.375
3.9615,37.0,4.879213483146067,1.0365168539325842,1061.0,2.980337078651685,34.23,-118.43,1.737
13.8556,52.0,8.948148148148148,1.0777777777777777,810.0,3.0,34.05,-118.49,5.00001
3.0694,37.0,4.232876712328767,1.0582191780821917,966.0,3.308219178082192,34.03,-118.37,1.222
4.2287,32.0,3.974609375,1.015625,934.0,1.82421875,33.74,-118.1,5.00001
2.5313,30.0,5.039383561643835,1.1934931506849316,1565.0,2.6797945205479454,35.14,-119.46,0.458
2.1061,32.0,3.4592391304347827,0.9347826086956522,1148.0,3.119565217391304,34.06,-118.11,2.147
3.2279,39.0,4.396648044692737,1.011173184357542,731.0,4.083798882681564,34.08,-118.17,1.585
2.6591,33.0,5.110738255033557,1.3120805369127517,753.0,2.5268456375838926,34.11,-118.18,1.838
2.8203,24.0,4.997840172786177,1.0107991360691144,1549.0,3.345572354211663,35.05,-120.48,1.526
2.933,26.0,4.707667731629393,1.0335463258785942,825.0,1.317891373801917,37.88,-122.08,0.85
5.6163,27.0,6.515669515669516,1.0056980056980056,1140.0,3.247863247863248,33.83,-117.87,2.31
5.5435,34.0,6.084507042253521,0.9154929577464789,208.0,2.9295774647887325,38.35,-122.0,1.36
8.1596,36.0,6.950980392156863,1.026143790849673,807.0,2.6372549019607843,33.89,-118.4,5.00001
1.8856,17.0,4.62156862745098,1.1745098039215687,1423.0,2.7901960784313724,32.74,-117.0,1.188
1.5917,28.0,5.45136186770428,1.1361867704280155,967.0,3.762645914396887,37.3,-120.4,0.894
3.3466,52.0,5.733542319749216,0.9435736677115988,694.0,2.175548589341693,37.96,-121.31,0.926
5.2078,30.0,6.3323170731707314,1.0426829268292683,816.0,2.4878048780487805,37.0,-122.03,4.405
5.7613,23.0,6.296747967479675,1.1016260162601625,1486.0,3.0203252032520327,34.2,-118.62,2.358
3.5147,28.0,5.119537275064268,1.095115681233933,1582.0,2.033419023136247,36.63,-121.93,3.139
7.5,15.0,8.579281183932347,1.080338266384778,1580.0,3.3403805496828753,32.78,-116.91,3.164
4.4491,19.0,6.369668246445498,1.1113744075829384,1216.0,2.881516587677725,38.01,-121.78,1.339
2.8342,34.0,4.69375,1.0515625,5477.0,8.5578125,33.75,-117.88,1.872
2.4375,52.0,5.019607843137255,0.9859943977591037,1049.0,2.9383753501400562,36.76,-119.81,0.571
3.65,22.0,5.531481481481482,1.0425925925925925,1420.0,2.6296296296296298,37.96,-121.98,2.041
5.4386,33.0,6.178343949044586,1.0414012738853504,877.0,2.7929936305732483,37.28,-121.96,2.804
3.3409,18.0,4.646983311938382,1.0937098844672657,3171.0,4.070603337612323,34.2,-119.19,2.205
4.575,16.0,4.690987124463519,1.0965665236051503,908.0,1.9484978540772533,33.77,-117.85,2.25
3.2292,52.0,7.075313807531381,1.2594142259414225,618.0,2.585774058577406,36.47,-120.95,2.25
10.3682,37.0,8.077922077922079,1.1233766233766234,394.0,2.5584415584415585,33.61,-117.92,5.00001
6.2748,22.0,7.054054054054054,0.9980694980694981,1565.0,3.0212355212355213,34.22,-118.88,2.748
2.625,33.0,3.9642857142857144,0.9972527472527473,2650.0,3.64010989010989,34.0,-118.11,1.787
3.766,33.0,4.947890818858561,1.0049627791563276,993.0,2.464019851116625,34.14,-117.96,1.639
5.4868,7.0,6.466101694915254,0.9661016949152542,1077.0,3.042372881355932,36.84,-119.82,1.588
8.8467,17.0,7.608040201005025,1.0402010050251256,2144.0,3.591289782244556,34.3,-118.52,4.507
7.1754,52.0,7.42948717948718,1.0512820512820513,779.0,2.496794871794872,37.9,-122.28,3.629
2.6973,31.0,5.129985228951256,1.0664697193500738,2098.0,3.098966026587888,32.74,-117.01,1.352
4.7332,22.0,5.669527896995708,1.053648068669528,2613.0,2.8036480686695278,33.99,-117.97,2.899
2.485,20.0,5.147058823529412,1.035294117647059,834.0,2.4529411764705884,40.51,-122.4,1.006
6.6073,17.0,6.771498771498772,0.9398034398034398,2734.0,3.3587223587223587,34.29,-118.75,2.581
2.7321,41.0,3.5660377358490565,0.9198113207547169,873.0,4.117924528301887,33.98,-118.17,1.56
4.425,26.0,5.123134328358209,1.2537313432835822,608.0,2.2686567164179103,32.85,-117.27,4.75
3.654,38.0,4.9363636363636365,1.069090909090909,2357.0,2.1427272727272726,32.75,-117.17,2.49
1.9213,52.0,4.508823529411765,0.9882352941176471,754.0,2.2176470588235295,39.44,-123.8,0.95
3.2216,39.0,4.48132183908046,1.089080459770115,1807.0,2.596264367816092,37.62,-122.41,2.427
3.3702,52.0,4.576744186046511,1.0976744186046512,784.0,1.8232558139534885,37.76,-122.44,3.7
3.2632,52.0,4.61407249466951,1.1364605543710022,1122.0,2.3923240938166312,37.75,-122.42,3.06
9.5908,37.0,4.352941176470588,1.1176470588235294,63.0,3.7058823529411766,37.14,-121.98,3.5
1.8942,45.0,4.861111111111111,0.9166666666666666,225.0,3.125,38.17,-122.23,2.167
4.3836,18.0,6.057575757575758,1.1272727272727272,2071.0,3.1378787878787877,38.71,-121.31,1.02
3.1654,34.0,3.8379310344827586,1.0793103448275863,928.0,3.2,34.05,-118.22,1.55
3.3194,21.0,6.878048780487805,1.1170731707317074,590.0,2.8780487804878048,37.32,-120.55,1.414
5.4548,35.0,5.585714285714285,1.0285714285714285,425.0,3.0357142857142856,34.19,-118.56,2.014
3.287,31.0,3.8945022288261515,1.050520059435364,1632.0,2.424962852897474,34.04,-118.46,3.481
2.1875,27.0,5.267175572519084,1.0305343511450382,810.0,3.0916030534351147,37.43,-120.97,1.375
4.0,26.0,5.068840579710145,1.0036231884057971,1285.0,4.655797101449275,34.1,-117.97,1.601
3.5469,36.0,4.283625730994152,1.0614035087719298,1538.0,4.497076023391813,34.01,-118.09,1.506
4.9211,52.0,3.9721115537848606,1.0796812749003983,1848.0,1.4725099601593625,37.8,-122.42,5.00001
5.3441,21.0,7.005,1.03,1620.0,2.7,32.81,-117.01,1.935
1.5872,52.0,3.5324858757062145,1.0692090395480225,1081.0,1.5268361581920904,38.58,-121.48,1.575
3.3462,32.0,5.715672676837725,1.0471567267683772,2590.0,3.592233009708738,35.37,-118.91,0.676
3.0083,18.0,4.283018867924528,1.0452830188679245,3001.0,3.7748427672955973,34.23,-118.39,1.819
3.7813,14.0,5.826196473551637,1.035264483627204,954.0,2.403022670025189,38.35,-122.7,1.465
1.5739,16.0,5.914572864321608,1.2060301507537687,519.0,2.608040201005025,38.87,-122.64,0.735
5.4337,11.0,5.901162790697675,1.0116279069767442,1563.0,3.0290697674418605,36.3,-119.33,1.338
5.6732,43.0,5.907090464547677,1.1100244498777505,1028.0,2.513447432762836,33.96,-118.4,3.307
4.7877,11.0,6.087396504139835,1.0285188592456302,3710.0,3.4130634774609017,33.95,-117.24,1.326
3.4698,31.0,5.390243902439025,1.1986062717770034,956.0,3.3310104529616726,33.9,-118.35,2.25
2.6957,23.0,3.667953667953668,1.111969111969112,2249.0,2.8944658944658945,34.2,-118.48,1.917
4.59,37.0,5.014285714285714,0.9342857142857143,882.0,2.52,37.99,-122.03,1.666
3.9063,41.0,4.633540372670807,0.9006211180124224,387.0,2.4037267080745344,37.69,-122.1,1.784
5.3668,27.0,6.702898550724638,1.0289855072463767,1793.0,3.2481884057971016,33.92,-117.98,2.198
5.697,38.0,5.984455958549223,1.0362694300518134,971.0,2.5155440414507773,37.95,-122.54,4.357
3.1875,44.0,4.012886597938144,1.0038659793814433,2959.0,3.8131443298969074,33.96,-118.2,1.717
2.5536,31.0,4.071917808219178,1.0102739726027397,891.0,3.0513698630136985,37.97,-121.26,0.505
5.5777,21.0,7.51831750339213,1.0529172320217097,2214.0,3.004070556309362,37.94,-122.03,2.793
8.1125,16.0,7.399166666666667,1.0325,3468.0,2.89,34.28,-118.55,4.286
7.1463,31.0,6.534632034632034,1.0151515151515151,1349.0,2.91991341991342,34.24,-118.24,3.941
6.5987,24.0,7.375565610859729,1.0361990950226245,1383.0,3.1289592760180995,33.72,-117.82,2.728
4.8105,23.0,6.17769130998703,1.0739299610894941,2198.0,2.8508430609597926,34.42,-119.28,3.13
6.6494,35.0,5.06265664160401,1.1303258145363408,724.0,1.8145363408521302,33.88,-118.44,5.00001
3.2413,31.0,5.062374245472837,1.0583501006036218,2194.0,4.414486921529175,34.06,-117.97,1.555
2.6458,26.0,5.416666666666667,1.1018518518518519,830.0,3.8425925925925926,37.82,-121.27,1.275
2.0,15.0,6.479423868312757,1.4670781893004115,1281.0,2.6358024691358026,34.85,-116.51,0.647
4.0767,5.0,5.4604743083003955,1.0889328063241106,3207.0,3.16897233201581,38.03,-121.95,1.431
3.6761,20.0,4.474714518760195,1.1174551386623164,1798.0,2.933115823817292,34.27,-118.78,1.709
3.0726,52.0,5.233830845771144,1.1890547263681592,381.0,1.8955223880597014,32.75,-117.17,2.896
4.1806,44.0,6.470046082949309,1.055299539170507,513.0,2.3640552995391704,32.74,-117.23,2.638
4.7813,39.0,4.70935960591133,1.0295566502463054,970.0,2.3891625615763545,37.73,-122.44,2.755
3.4509,24.0,4.038664323374341,1.0105448154657293,2409.0,4.233743409490334,37.35,-121.82,1.824
1.6429,23.0,5.063063063063063,1.1013513513513513,1132.0,2.5495495495495497,40.63,-122.42,0.804
2.2596,40.0,3.6346604215456675,0.9812646370023419,1919.0,4.494145199063232,34.01,-118.16,1.375
2.425,40.0,4.950391644908616,1.0861618798955615,950.0,2.480417754569191,33.74,-118.3,2.55
6.0132,25.0,6.675814751286449,0.9819897084048027,3445.0,2.9545454545454546,38.12,-122.59,2.879
3.5655,52.0,4.094462540716612,1.1042345276872965,1575.0,1.710097719869707,37.76,-122.43,4.273
1.9906,29.0,8.970967741935484,1.9903225806451612,890.0,2.870967741935484,38.88,-122.72,0.966
4.5769,32.0,6.34113712374582,1.1438127090301002,806.0,2.6956521739130435,34.48,-117.96,1.594
2.6667,45.0,4.575903614457832,1.110843373493976,1260.0,3.036144578313253,33.99,-118.43,3.2
3.7328,38.0,4.535014005602241,1.061624649859944,886.0,2.481792717086835,33.99,-118.05,1.824
4.51,22.0,5.858597285067873,1.0678733031674208,2315.0,2.6187782805429864,34.1,-117.85,1.899
3.0549,7.0,5.196351931330472,1.0643776824034334,2223.0,2.3851931330472103,40.58,-122.34,1.017
2.7457,37.0,5.632727272727273,1.0945454545454545,863.0,3.138181818181818,38.16,-122.41,2.547
8.1132,45.0,6.87905604719764,1.0117994100294985,943.0,2.781710914454277,34.18,-118.23,4.466
8.6454,31.0,8.062404870624048,1.0106544901065448,1986.0,3.0228310502283104,34.24,-118.51,4.835
3.5802,5.0,5.089689265536723,1.0519067796610169,7608.0,2.6864406779661016,38.7,-121.35,1.296
2.3269,28.0,4.422018348623853,1.0642201834862386,782.0,3.5871559633027523,37.94,-121.25,0.559
4.7402,34.0,5.0072568940493465,1.060957910014514,1915.0,2.7793904208998548,37.32,-122.0,2.445
4.9375,19.0,4.617647058823529,1.056985294117647,1275.0,2.34375,33.87,-118.36,2.93
5.5136,19.0,6.6299212598425195,1.0,1176.0,3.0866141732283463,34.18,-117.3,1.371
3.2292,34.0,5.33030303030303,1.0696969696969696,2083.0,6.3121212121212125,33.74,-117.89,1.606
1.3417,33.0,4.421800947867299,1.037914691943128,838.0,3.971563981042654,34.12,-117.33,0.69
4.0313,18.0,15.813953488372093,3.116279069767442,350.0,2.7131782945736433,39.04,-120.16,1.26
2.8594,20.0,4.151458137347131,1.118532455315146,4818.0,4.532455315145814,33.76,-117.91,2.151
5.8891,37.0,6.522641509433963,1.0264150943396226,1344.0,2.5358490566037735,34.1,-117.73,2.26
10.0825,52.0,8.209016393442623,1.0245901639344261,658.0,2.69672131147541,37.9,-122.28,3.97
3.5885,18.0,5.236538461538461,1.0173076923076922,1150.0,2.2115384615384617,38.43,-122.68,1.919
4.5491,34.0,7.397058823529412,1.4558823529411764,275.0,4.044117647058823,34.36,-118.29,3.75
4.6696,17.0,4.841911764705882,0.9411764705882353,679.0,2.4963235294117645,33.8,-117.92,1.595
3.1523,36.0,4.980842911877395,1.1647509578544062,688.0,2.636015325670498,34.25,-118.3,1.767
2.5238,49.0,4.192023633677991,1.106351550960118,1487.0,2.1964549483013296,37.8,-122.24,1.693
3.6583,37.0,4.382352941176471,1.0980392156862746,1233.0,4.029411764705882,34.0,-118.16,1.505
3.0574,25.0,3.7658643326039387,1.148796498905908,1890.0,2.0678336980306344,34.03,-118.39,3.194
3.5652,27.0,4.357522123893805,1.008849557522124,1278.0,2.2619469026548673,37.31,-121.95,3.295
4.2344,33.0,4.930084745762712,1.0148305084745763,1166.0,2.4703389830508473,34.2,-118.51,2.625
1.1094,49.0,3.7735849056603774,1.1446540880503144,1448.0,4.553459119496855,37.95,-121.28,0.525
4.0217,46.0,4.817610062893082,0.9580712788259959,1429.0,2.9958071278825997,37.75,-122.5,2.724
2.0742,31.0,4.212014134275618,1.0848056537102473,1013.0,3.579505300353357,34.0,-117.4,0.762
2.4207,31.0,3.8502024291497974,1.1214574898785425,1485.0,3.006072874493927,37.32,-121.92,1.656
1.2273,41.0,3.3380681818181817,0.9659090909090909,1241.0,3.5255681818181817,33.96,-118.28,0.984
1.8715,34.0,2.942115768463074,1.0199600798403194,1962.0,3.9161676646706587,34.02,-118.16,1.396
3.8839,44.0,5.299813780260708,1.0260707635009312,1232.0,2.2942271880819365,37.9,-122.53,3.272
3.4679,18.0,3.8483935742971886,1.0602409638554218,2192.0,2.2008032128514055,33.73,-117.98,2.197
7.0808,4.0,6.423324150596878,1.056932966023875,2907.0,2.669421487603306,34.29,-118.57,3.412
5.1386,42.0,6.01779359430605,1.0177935943060499,761.0,2.7081850533807827,32.7,-117.18,4.045
8.176,18.0,6.68,1.049090909090909,1590.0,2.890909090909091,34.26,-118.53,3.084
2.8793,42.0,5.062730627306273,1.014760147601476,674.0,2.4870848708487086,34.05,-118.36,2.021
2.875,16.0,4.808344198174707,1.0651890482398958,1969.0,2.5671447196870925,32.82,-116.77,2.229
1.7179,5.0,3.796833773087071,1.0356200527704484,1727.0,2.278364116094987,32.74,-117.04,1.32
3.0862,35.0,4.6978967495219885,1.0554493307839388,1159.0,2.216061185468451,34.05,-118.37,3.453
7.7751,13.0,7.9017632241813605,1.0503778337531486,1318.0,3.3198992443324937,35.39,-118.94,1.941
5.0164,13.0,6.58154859967051,0.9967051070840197,1969.0,3.243822075782537,37.98,-121.82,1.652
1.6827,52.0,4.934725848563969,1.0966057441253263,974.0,2.5430809399477807,39.72,-121.83,0.787
10.7751,19.0,9.02051282051282,1.0974358974358975,659.0,3.3794871794871795,32.84,-117.25,5.00001
11.8442,31.0,8.385678391959798,1.0577889447236182,2092.0,2.628140703517588,34.1,-118.45,5.00001
4.1563,12.0,6.751497005988024,1.4131736526946108,1006.0,3.0119760479041915,37.13,-118.94,0.94
6.9135,52.0,6.1656441717791415,0.8773006134969326,908.0,2.785276073619632,34.17,-118.27,3.74
2.5417,43.0,4.6594827586206895,1.0969827586206897,1208.0,2.603448275862069,36.97,-122.01,2.609
3.2321,11.0,7.0414673046252,1.1531100478468899,1520.0,2.4242424242424243,38.71,-121.19,3.908
2.6343,14.0,4.696308724832215,1.0369127516778522,2294.0,3.848993288590604,37.73,-120.93,0.815
2.32,25.0,4.517676767676767,1.3535353535353536,1134.0,2.8636363636363638,38.95,-119.94,0.913
3.2333,48.0,5.045296167247387,1.0278745644599303,681.0,2.3728222996515678,34.11,-118.29,4.364
1.7566,25.0,5.093117408906883,1.0991902834008098,1266.0,2.562753036437247,40.03,-122.1,0.584
2.5504,26.0,3.725552050473186,1.1093585699263933,2742.0,2.8832807570977916,33.96,-118.36,1.513
3.5518,24.0,4.863275039745628,1.1589825119236883,2064.0,3.2813990461049283,33.83,-118.26,1.846
3.5045,30.0,3.791946308724832,1.0738255033557047,932.0,2.0850111856823266,37.39,-122.07,3.525
3.1827,31.0,5.771653543307087,1.0393700787401574,608.0,2.393700787401575,38.02,-121.33,1.621
4.2917,33.0,5.245136186770428,1.0116731517509727,1098.0,4.272373540856031,34.04,-118.05,1.612
2.788,42.0,3.6946902654867255,0.9601769911504425,1997.0,4.418141592920354,34.04,-118.18,1.505
2.3382,38.0,5.142857142857143,1.1607142857142858,478.0,4.267857142857143,37.29,-120.32,0.596
2.9076,52.0,4.386609071274298,1.0928725701943844,1191.0,2.572354211663067,33.87,-117.91,1.773
5.7376,17.0,6.163636363636364,1.02020202020202,1705.0,3.4444444444444446,34.28,-118.72,2.186
4.5521,35.0,4.375634517766497,1.0634517766497462,1079.0,2.738578680203046,33.99,-118.42,2.638
2.84,41.0,4.07900677200903,0.9977426636568849,1628.0,3.674943566591422,33.94,-118.21,1.561
1.3071,51.0,2.647294589178357,1.1022044088176353,781.0,1.565130260521042,32.72,-117.15,2.5
1.1917,32.0,4.311111111111111,0.9185185185185185,588.0,2.1777777777777776,34.71,-118.14,0.869
6.2473,24.0,6.8927392739273925,1.0297029702970297,1704.0,2.8118811881188117,33.68,-117.98,2.819
1.3036,52.0,9.136363636363637,1.5909090909090908,74.0,3.3636363636363638,37.64,-121.01,0.75
4.2212,52.0,4.506696428571429,0.9330357142857143,999.0,2.2299107142857144,37.74,-122.42,2.713
5.795,22.0,7.139720558882235,1.1037924151696608,1371.0,2.7365269461077846,38.32,-122.53,3.323
7.6229,35.0,7.2251461988304095,1.0204678362573099,881.0,2.5760233918128654,37.39,-122.1,5.00001
6.0808,35.0,4.969072164948454,0.9415807560137457,759.0,2.6082474226804124,34.27,-118.31,2.156
1.9265,44.0,6.8808510638297875,1.5872340425531914,1112.0,2.3659574468085105,38.5,-122.97,1.327
2.1991,47.0,4.712765957446808,1.0425531914893618,517.0,2.75,37.97,-121.24,0.672
1.9342,32.0,4.89957264957265,0.9957264957264957,1538.0,3.286324786324786,36.39,-119.31,0.686
2.7275,17.0,5.574285714285714,1.0514285714285714,681.0,1.9457142857142857,34.38,-119.55,5.00001
2.8365,21.0,5.975728155339806,0.9902912621359223,609.0,2.9563106796116503,36.25,-119.32,0.9
2.9135,27.0,5.349282296650718,0.9330143540669856,647.0,3.0956937799043063,37.48,-120.89,1.594
2.9,12.0,3.662847790507365,1.11620294599018,1882.0,3.0801963993453354,34.17,-118.29,2.083
3.5,21.0,4.304913294797688,1.0751445086705202,1824.0,2.6358381502890174,34.2,-118.58,2.237
0.9336,10.0,3.6627450980392156,1.0196078431372548,401.0,1.572549019607843,37.66,-120.98,1.271
3.9038,21.0,3.5863570391872277,0.9825834542815675,1486.0,2.1567489114658924,37.36,-122.02,2.438
3.0375,48.0,4.575221238938053,1.095132743362832,946.0,2.0929203539823007,37.34,-121.93,2.185
1.6854,18.0,4.756535947712418,1.1756535947712419,3415.0,2.790032679738562,36.79,-119.82,0.647
2.6402,43.0,3.707317073170732,1.0365853658536586,705.0,2.8658536585365852,34.03,-118.38,1.857
3.5214,35.0,5.024570024570025,1.1056511056511056,1166.0,2.864864864864865,34.25,-118.28,1.976
3.7727,24.0,10.953586497890296,1.8481012658227849,473.0,1.9957805907172996,33.75,-116.43,5.00001
2.8347,34.0,5.835365853658536,1.1097560975609757,1564.0,4.7682926829268295,34.04,-117.76,1.158
2.1681,30.0,5.244318181818182,1.1107954545454546,1255.0,3.565340909090909,36.3,-119.78,0.666
3.2031,16.0,7.972375690607735,1.3756906077348066,435.0,2.403314917127072,38.46,-120.55,1.292
2.0446,9.0,4.035335689045937,1.1095406360424027,620.0,2.1908127208480566,36.77,-119.85,0.813
5.2114,40.0,5.338485316846986,1.001545595054096,1498.0,2.3153013910355487,37.43,-122.13,4.384
3.5714,38.0,4.491176470588235,0.9764705882352941,1303.0,3.8323529411764707,34.28,-118.45,1.52
2.8365,34.0,4.5813953488372094,1.0794573643410852,1517.0,2.939922480620155,37.79,-122.21,1.392
2.7121,29.0,4.163716814159292,1.0870206489675516,1723.0,2.5412979351032448,33.89,-118.13,1.655
2.06,40.0,5.28021978021978,1.0934065934065933,509.0,2.7967032967032965,34.15,-117.3,0.855
1.8187,36.0,4.4734513274336285,1.1194690265486726,763.0,3.3761061946902653,32.7,-117.12,0.841
1.899,17.0,5.50561797752809,1.0926966292134832,1691.0,4.75,32.69,-115.49,0.64
6.7061,23.0,7.4969939879759515,1.0040080160320641,1339.0,2.6833667334669338,37.94,-122.01,3.223
4.0357,36.0,5.103448275862069,1.0344827586206897,946.0,4.077586206896552,33.96,-118.1,1.625
3.9792,45.0,5.457777777777777,1.1,1300.0,2.888888888888889,33.8,-118.2,2.102
3.7562,34.0,5.475218658892128,1.0583090379008746,2237.0,3.260932944606414,37.98,-122.35,1.329
4.2009,6.0,5.723880597014926,1.0242537313432836,985.0,1.837686567164179,33.63,-117.63,2.38
3.6442,17.0,4.584586466165414,1.0413533834586466,1161.0,2.1823308270676693,33.8,-118.07,1.931
4.7105,41.0,4.277246653919694,1.1414913957934991,938.0,1.7934990439770555,33.86,-118.4,5.00001
1.4828,24.0,4.248322147651007,0.9228187919463087,1083.0,3.634228187919463,32.67,-115.49,0.731
4.1361,26.0,5.878195488721804,1.0075187969924813,1884.0,2.833082706766917,34.02,-117.03,1.21
3.2841,15.0,5.4788461538461535,1.0326923076923078,878.0,1.6884615384615385,33.71,-117.75,1.583
2.9485,29.0,5.37218045112782,1.0075187969924813,672.0,2.526315789473684,40.92,-124.0,0.988
4.2917,5.0,4.890982503364738,0.9663526244952894,1317.0,1.7725437415881562,34.19,-119.0,2.279
2.5993,33.0,4.1016260162601625,0.967479674796748,1027.0,4.17479674796748,37.6,-121.02,0.68
6.8773,18.0,6.570539419087137,0.991701244813278,1414.0,2.933609958506224,37.11,-121.75,4.677
1.8929,30.0,2.96875,1.0477941176470589,1245.0,2.2886029411764706,34.14,-118.25,1.969
6.8336,35.0,6.935114503816794,1.0,659.0,2.515267175572519,37.52,-122.31,4.572
3.3326,52.0,3.8916256157635467,1.0492610837438423,1462.0,3.600985221674877,34.12,-118.2,1.676
2.3375,33.0,3.6363636363636362,1.0267379679144386,2649.0,4.721925133689839,33.93,-118.35,1.706
3.1445,45.0,4.840361445783133,0.9969879518072289,633.0,1.9066265060240963,34.11,-118.28,4.383
6.5412,12.0,6.889952153110048,0.9712918660287081,1381.0,3.3038277511961724,32.81,-117.04,2.542
3.071,10.0,6.6875,1.1206896551724137,1283.0,2.7650862068965516,34.53,-117.26,1.516
3.006,52.0,4.701970443349754,1.0246305418719213,811.0,1.9975369458128078,37.88,-122.28,2.279
6.8154,24.0,7.640625,1.0234375,969.0,3.78515625,33.6,-117.68,2.659
3.0114,47.0,4.211594202898551,1.0318840579710145,787.0,2.281159420289855,34.16,-118.27,2.555
4.375,34.0,4.532051282051282,1.0192307692307692,381.0,2.4423076923076925,37.6,-122.39,3.409
12.3411,4.0,7.472103004291846,0.9656652360515021,811.0,3.48068669527897,33.64,-117.81,5.00001
4.2917,37.0,5.868421052631579,1.0296052631578947,788.0,2.5921052631578947,37.96,-122.06,1.896
2.735,18.0,4.049306625577812,1.1093990755007703,2276.0,3.5069337442218798,33.88,-118.0,1.708
5.6234,42.0,5.334224598930481,1.1016042780748663,794.0,2.122994652406417,37.46,-122.15,3.796
3.402,23.0,5.179948586118252,1.044987146529563,1852.0,2.380462724935733,38.25,-122.65,1.933
5.0686,19.0,5.973737373737373,0.9939393939393939,1639.0,3.311111111111111,33.62,-117.7,2.256
2.218,35.0,5.276393831553974,1.0747330960854093,2736.0,3.2455516014234878,33.94,-116.87,0.734
4.15,11.0,5.500932835820896,1.0615671641791045,2728.0,2.544776119402985,35.62,-117.66,0.857
4.4597,29.0,5.61578947368421,1.1228070175438596,1722.0,3.0210526315789474,37.14,-122.11,2.041
1.8977,35.0,5.245901639344262,1.1885245901639345,1723.0,2.824590163934426,32.67,-117.07,0.956
15.0001,35.0,8.586206896551724,1.0689655172413792,268.0,9.241379310344827,34.13,-118.04,5.00001
2.3006,23.0,5.0817460317460315,1.0873015873015872,3573.0,2.835714285714286,36.76,-119.72,0.69
3.2661,30.0,4.8881578947368425,1.037593984962406,2961.0,2.7828947368421053,32.79,-117.18,1.404
2.0284,35.0,5.3250883392226145,1.1060070671378093,868.0,3.067137809187279,38.22,-121.42,0.963
2.85,38.0,3.2142857142857144,0.7678571428571429,246.0,4.392857142857143,33.93,-118.25,0.9
3.4286,31.0,5.658008658008658,1.0606060606060606,752.0,3.2554112554112553,32.84,-116.95,1.294
3.0673,22.0,4.425742574257426,0.9504950495049505,830.0,4.108910891089109,33.75,-116.21,0.682
5.5464,3.0,5.224137931034483,1.0761494252873562,1486.0,2.1350574712643677,33.7,-117.77,2.075
4.526,21.0,6.285714285714286,1.0259165613147914,4185.0,2.645385587863464,33.8,-118.29,3.294
4.7147,12.0,5.251482799525504,0.9750889679715302,2400.0,2.8469750889679717,34.08,-117.61,1.587
5.038,9.0,5.428415300546448,0.9672131147540983,2581.0,2.8207650273224045,38.42,-122.79,1.856
4.2731,34.0,5.451117318435754,1.0013966480446927,2054.0,2.868715083798883,33.8,-117.93,2.18
3.5096,34.0,5.1525,0.9775,1169.0,2.9225,32.73,-117.03,1.42
2.5806,47.0,4.739057239057239,1.1430976430976432,1533.0,2.580808080808081,34.05,-118.35,2.341
2.6161,30.0,6.833333333333333,1.597938144329897,1387.0,2.3831615120274914,38.49,-123.04,1.325
4.5,17.0,5.986175115207374,0.9723502304147466,825.0,3.80184331797235,37.3,-121.83,2.358
3.6389,34.0,3.868544600938967,1.051643192488263,430.0,2.0187793427230045,34.13,-118.15,2.15
4.5987,29.0,4.930894308943089,0.926829268292683,654.0,2.658536585365854,32.79,-117.2,2.556
3.2798,45.0,5.173387096774194,1.0201612903225807,1025.0,4.133064516129032,33.92,-118.2,1.412
3.567,28.0,6.074468085106383,1.070921985815603,663.0,2.351063829787234,36.81,-119.77,0.855
3.2112,20.0,6.517307692307693,1.353846153846154,1309.0,2.5173076923076922,35.6,-121.1,2.045
3.9773,36.0,5.242718446601942,0.9644012944983819,1258.0,4.0711974110032365,33.97,-118.08,1.667
1.6036,39.0,3.2510822510822512,0.8961038961038961,1010.0,4.372294372294372,34.01,-118.29,1.375
2.9327,42.0,4.7270531400966185,0.9396135265700483,985.0,2.3792270531400965,34.18,-118.39,2.402
3.7206,39.0,3.691891891891892,1.0135135135135136,1237.0,3.343243243243243,34.03,-118.39,2.309
2.7955,23.0,5.442424242424242,1.1515151515151516,939.0,2.8454545454545452,38.69,-122.03,0.963
2.1484,52.0,5.1923076923076925,1.3076923076923077,93.0,3.576923076923077,37.72,-122.39,1.813
2.6471,16.0,4.0986666666666665,0.9706666666666667,1125.0,3.0,38.58,-121.3,0.907
3.1312,22.0,4.575320512820513,1.0689102564102564,2453.0,3.9310897435897436,33.88,-117.53,0.91
3.1384,46.0,5.627249357326479,1.0874035989717223,866.0,2.2262210796915167,33.95,-117.4,1.115
2.3421,48.0,3.425531914893617,1.0468085106382978,633.0,2.6936170212765957,34.1,-118.28,2.0
2.0493,19.0,4.186486486486486,0.9972972972972973,770.0,2.081081081081081,37.58,-120.94,0.995
3.3289,39.0,5.580487804878048,1.2902439024390244,1449.0,3.5341463414634147,36.38,-121.4,1.906
4.9879,28.0,6.517985611510792,1.0575539568345325,853.0,3.068345323741007,37.67,-121.87,2.294
2.5183,15.0,5.487544483985765,0.9911032028469751,1040.0,1.8505338078291815,38.71,-121.17,2.933
1.8696,52.0,4.62962962962963,1.0462962962962963,480.0,4.444444444444445,32.71,-117.14,0.911
2.6055,36.0,4.9748427672955975,0.9842767295597484,761.0,2.393081761006289,36.78,-119.82,0.692
3.332,16.0,5.815789473684211,1.0997229916897506,2140.0,2.96398891966759,37.02,-119.57,1.118
7.9606,34.0,6.504545454545455,1.018181818181818,503.0,2.286363636363636,37.9,-122.55,4.534
10.0346,28.0,8.134038800705467,1.072310405643739,1686.0,2.9735449735449735,37.36,-122.07,5.00001
5.3478,8.0,6.210344827586207,0.9431034482758621,1959.0,3.377586206896552,36.83,-119.73,1.388
4.3,27.0,4.7063953488372094,1.0232558139534884,831.0,2.4156976744186047,36.61,-121.92,2.264
2.5762,29.0,4.048703849175177,1.0950510604870385,3741.0,2.93872741555381,37.78,-122.28,1.734
4.2813,33.0,6.340425531914893,1.1170212765957446,212.0,2.25531914893617,38.13,-121.84,0.813
2.2961,10.0,4.308219178082192,0.958904109589041,635.0,4.3493150684931505,38.03,-121.33,1.267
2.3355,18.0,5.711722488038277,1.0598086124401913,1868.0,2.2344497607655502,33.97,-117.01,1.188
3.0,35.0,3.6141479099678455,0.9887459807073955,1762.0,2.832797427652733,34.08,-118.12,2.539
4.7933,37.0,6.0,1.021543985637343,1635.0,2.9353680430879714,37.67,-122.14,1.869
7.2639,15.0,7.473684210526316,0.9578947368421052,876.0,3.0736842105263156,37.67,-121.9,3.324
8.0448,35.0,7.672176308539945,0.9972451790633609,1001.0,2.757575757575758,37.88,-122.12,4.333
4.0658,44.0,4.523456790123457,0.9901234567901235,1056.0,2.6074074074074076,33.87,-118.18,1.751
1.3654,47.0,5.6,1.2894736842105263,603.0,3.1736842105263157,39.51,-121.56,0.579
2.6941,11.0,5.599378881987578,1.0854037267080745,2074.0,3.220496894409938,36.93,-120.04,0.633
4.7344,37.0,5.136125654450262,0.9607329842931938,1267.0,3.316753926701571,37.56,-122.3,2.718
2.7011,8.0,4.291989664082688,1.0400516795865633,1694.0,2.1886304909560725,38.66,-121.35,1.307
3.7454,35.0,5.6298076923076925,1.0240384615384615,2176.0,5.230769230769231,34.05,-117.98,1.569
3.6682,33.0,4.60932944606414,1.0524781341107872,1553.0,2.2638483965014577,37.34,-121.97,2.661
3.1004,26.0,3.4140786749482404,1.0807453416149069,1332.0,2.7577639751552794,34.15,-118.23,2.571
3.0156,32.0,4.885906040268456,0.912751677852349,461.0,3.0939597315436242,36.57,-119.3,1.091
5.5601,4.0,7.220008478168715,1.079270877490462,7653.0,3.2441712590080543,37.97,-121.78,2.137
3.8056,7.0,6.599340478153339,1.1236603462489696,7139.0,2.9427040395713107,33.63,-117.29,1.622
2.7875,30.0,4.707423580786026,1.0633187772925765,1023.0,2.2336244541484715,36.99,-122.02,2.45
2.4375,47.0,4.8961538461538465,1.0153846153846153,1193.0,4.588461538461538,34.05,-118.19,1.229
3.5156,42.0,4.794621026894865,1.0440097799511003,1211.0,2.960880195599022,37.71,-122.47,2.394
4.3409,40.0,5.134883720930232,1.041860465116279,669.0,3.1116279069767443,36.98,-121.99,2.563
6.0194,44.0,5.735343383584589,1.0,1358.0,2.274706867671692,37.84,-122.21,2.923
3.0409,52.0,3.7452991452991453,1.0717948717948718,1100.0,1.8803418803418803,37.77,-122.45,5.0
2.181,36.0,3.399581589958159,1.0251046025104602,2003.0,4.190376569037657,34.04,-118.2,1.472
5.1097,29.0,5.55510752688172,1.0349462365591398,1691.0,2.2728494623655915,37.9,-122.08,2.88
5.5164,15.0,6.644012944983818,1.0388349514563107,993.0,3.2135922330097086,32.75,-116.87,2.489
7.1108,29.0,6.335051546391752,0.9896907216494846,707.0,3.6443298969072164,37.37,-122.08,4.65
2.0486,42.0,4.385057471264368,1.0977011494252873,754.0,4.333333333333333,33.93,-118.25,1.018
8.496,34.0,7.825970548862115,1.0508701472556894,1817.0,2.43239625167336,32.82,-117.26,5.00001
2.7857,20.0,5.11018711018711,1.0207900207900207,1227.0,2.550935550935551,37.79,-120.98,1.109
2.9457,21.0,10.845814977973568,2.1277533039647576,1175.0,2.5881057268722465,38.03,-120.25,1.165
7.0907,22.0,7.50853889943074,0.9867172675521821,1774.0,3.366223908918406,33.69,-117.98,3.502
2.6014,15.0,4.099201824401368,1.0992018244013684,1839.0,2.096921322690992,34.14,-117.97,1.503
6.8695,27.0,6.567357512953368,1.0077720207253886,1071.0,2.7746113989637307,34.28,-118.49,3.194
3.5987,31.0,4.2272,1.0896,1303.0,2.0848,34.03,-118.47,3.405
2.506,25.0,3.374717832957111,1.0474040632054176,5217.0,2.944130925507901,34.14,-118.25,1.845
4.0439,27.0,4.9875,1.115,1417.0,1.77125,34.14,-118.42,5.00001
3.5541,20.0,3.8488372093023258,1.0465116279069768,857.0,1.9930232558139536,37.64,-122.06,3.5
2.3256,24.0,5.959550561797752,1.2764044943820225,1532.0,3.4426966292134833,36.32,-119.66,0.568
4.3667,50.0,4.881782945736434,1.0406976744186047,1117.0,2.1647286821705425,34.07,-118.37,4.056
2.4167,25.0,4.777070063694268,0.9949044585987261,1594.0,2.0305732484076433,34.0,-117.04,1.049
1.9453,34.0,3.8076923076923075,0.9230769230769231,527.0,4.053846153846154,33.94,-118.05,1.49
4.0,32.0,5.5,1.033112582781457,1201.0,3.9768211920529803,33.92,-117.95,1.782
3.0909,30.0,4.447368421052632,1.105263157894737,1314.0,3.1435406698564594,33.75,-117.99,1.844
7.5349,33.0,7.002890173410405,0.930635838150289,998.0,2.884393063583815,37.89,-122.04,3.491
1.8125,25.0,3.782442748091603,1.0381679389312977,941.0,3.5916030534351147,36.76,-120.38,0.58
3.038,12.0,5.912820512820513,1.358974358974359,446.0,2.287179487179487,33.57,-116.87,1.281
6.1896,19.0,5.922981366459627,1.0024844720496895,2199.0,2.7316770186335404,37.5,-122.53,3.311
4.5398,52.0,4.324055666003976,1.0139165009940359,809.0,1.6083499005964215,37.86,-122.49,4.42
5.4609,28.0,6.80359820089955,1.0269865067466266,1996.0,2.992503748125937,37.27,-121.9,2.636
2.875,30.0,4.421686746987952,1.1421686746987951,934.0,2.2506024096385544,32.76,-117.1,1.396
3.9443,2.0,7.507731958762887,1.1947717231222386,7132.0,2.625920471281296,33.57,-117.16,1.873
